{
  "[PUT] /flight/update" : {
    "transaction" : "[PUT] /flight/update",
    "sampleCount" : 50,
    "errorCount" : 0,
    "errorPct" : 0.0,
    "meanResTime" : 96.46000000000004,
    "medianResTime" : 76.0,
    "minResTime" : 54.0,
    "maxResTime" : 309.0,
    "pct1ResTime" : 206.0999999999999,
    "pct2ResTime" : 262.29999999999984,
    "pct3ResTime" : 309.0,
    "throughput" : 0.23544369364066584,
    "receivedKBytesPerSec" : 0.438008043345184,
    "sentKBytesPerSec" : 0.09909788277258494
  },
  "[DEL] /transaction/delete" : {
    "transaction" : "[DEL] /transaction/delete",
    "sampleCount" : 50,
    "errorCount" : 0,
    "errorPct" : 0.0,
    "meanResTime" : 96.5,
    "medianResTime" : 85.5,
    "minResTime" : 59.0,
    "maxResTime" : 169.0,
    "pct1ResTime" : 143.29999999999998,
    "pct2ResTime" : 152.7,
    "pct3ResTime" : 169.0,
    "throughput" : 0.23605281917881946,
    "receivedKBytesPerSec" : 0.8505508661368067,
    "sentKBytesPerSec" : 0.16228631318543837
  },
  "[DEL] /flight/delete" : {
    "transaction" : "[DEL] /flight/delete",
    "sampleCount" : 50,
    "errorCount" : 0,
    "errorPct" : 0.0,
    "meanResTime" : 89.94000000000001,
    "medianResTime" : 70.5,
    "minResTime" : 46.0,
    "maxResTime" : 437.0,
    "pct1ResTime" : 151.9,
    "pct2ResTime" : 241.94999999999996,
    "pct3ResTime" : 437.0,
    "throughput" : 0.235444802320544,
    "receivedKBytesPerSec" : 0.1791127939528357,
    "sentKBytesPerSec" : 0.055412302108643646
  },
  "[PUT] /user/update" : {
    "transaction" : "[PUT] /user/update",
    "sampleCount" : 50,
    "errorCount" : 0,
    "errorPct" : 0.0,
    "meanResTime" : 105.14,
    "medianResTime" : 77.0,
    "minResTime" : 56.0,
    "maxResTime" : 410.0,
    "pct1ResTime" : 161.19999999999996,
    "pct2ResTime" : 354.0499999999997,
    "pct3ResTime" : 410.0,
    "throughput" : 0.2364971927783217,
    "receivedKBytesPerSec" : 0.3032429825370473,
    "sentKBytesPerSec" : 0.19053728910362833
  },
  "[PUT] /airport/update" : {
    "transaction" : "[PUT] /airport/update",
    "sampleCount" : 50,
    "errorCount" : 0,
    "errorPct" : 0.0,
    "meanResTime" : 110.3,
    "medianResTime" : 82.5,
    "minResTime" : 49.0,
    "maxResTime" : 318.0,
    "pct1ResTime" : 246.79999999999995,
    "pct2ResTime" : 271.59999999999997,
    "pct3ResTime" : 318.0,
    "throughput" : 0.2362468874472579,
    "receivedKBytesPerSec" : 0.23347836923498533,
    "sentKBytesPerSec" : 0.19356556500805602
  },
  "[GET] /airport" : {
    "transaction" : "[GET] /airport",
    "sampleCount" : 50,
    "errorCount" : 0,
    "errorPct" : 0.0,
    "meanResTime" : 83.39999999999999,
    "medianResTime" : 70.5,
    "minResTime" : 47.0,
    "maxResTime" : 275.0,
    "pct1ResTime" : 117.19999999999999,
    "pct2ResTime" : 214.45,
    "pct3ResTime" : 275.0,
    "throughput" : 0.23622568056618573,
    "receivedKBytesPerSec" : 0.2334574108720507,
    "sentKBytesPerSec" : 0.03852508657671193
  },
  "[POST] /user-register/register-user" : {
    "transaction" : "[POST] /user-register/register-user",
    "sampleCount" : 50,
    "errorCount" : 0,
    "errorPct" : 0.0,
    "meanResTime" : 3674.5999999999995,
    "medianResTime" : 3445.0,
    "minResTime" : 989.0,
    "maxResTime" : 7599.0,
    "pct1ResTime" : 6351.099999999999,
    "pct2ResTime" : 6828.5499999999965,
    "pct3ResTime" : 7599.0,
    "throughput" : 0.24727869792928817,
    "receivedKBytesPerSec" : 0.18980571930900442,
    "sentKBytesPerSec" : 0.09804213999930762
  },
  "[DEL] /airport/delete" : {
    "transaction" : "[DEL] /airport/delete",
    "sampleCount" : 50,
    "errorCount" : 0,
    "errorPct" : 0.0,
    "meanResTime" : 99.57999999999998,
    "medianResTime" : 82.0,
    "minResTime" : 55.0,
    "maxResTime" : 306.0,
    "pct1ResTime" : 195.09999999999997,
    "pct2ResTime" : 245.39999999999995,
    "pct3ResTime" : 306.0,
    "throughput" : 0.23619666679263823,
    "receivedKBytesPerSec" : 0.18014609059086958,
    "sentKBytesPerSec" : 0.17230362313877026
  },
  "[GET] /flight/list" : {
    "transaction" : "[GET] /flight/list",
    "sampleCount" : 50,
    "errorCount" : 0,
    "errorPct" : 0.0,
    "meanResTime" : 120.08000000000003,
    "medianResTime" : 98.0,
    "minResTime" : 66.0,
    "maxResTime" : 357.0,
    "pct1ResTime" : 212.39999999999998,
    "pct2ResTime" : 276.09999999999974,
    "pct3ResTime" : 357.0,
    "throughput" : 0.2354281732186327,
    "receivedKBytesPerSec" : 1.7436399079004987,
    "sentKBytesPerSec" : 0.07816951063899916
  },
  "[POST] /forget-password/forgot-password" : {
    "transaction" : "[POST] /forget-password/forgot-password",
    "sampleCount" : 50,
    "errorCount" : 0,
    "errorPct" : 0.0,
    "meanResTime" : 84.86000000000001,
    "medianResTime" : 71.0,
    "minResTime" : 53.0,
    "maxResTime" : 436.0,
    "pct1ResTime" : 112.89999999999998,
    "pct2ResTime" : 194.44999999999973,
    "pct3ResTime" : 436.0,
    "throughput" : 0.23654977953560546,
    "receivedKBytesPerSec" : 0.18249445882141438,
    "sentKBytesPerSec" : 0.05705839408720171
  },
  "[POST] /user-login/login" : {
    "transaction" : "[POST] /user-login/login",
    "sampleCount" : 50,
    "errorCount" : 0,
    "errorPct" : 0.0,
    "meanResTime" : 13208.02,
    "medianResTime" : 12829.0,
    "minResTime" : 3073.0,
    "maxResTime" : 24226.0,
    "pct1ResTime" : 23601.3,
    "pct2ResTime" : 23998.05,
    "pct3ResTime" : 24226.0,
    "throughput" : 0.23319155286918888,
    "receivedKBytesPerSec" : 0.43359054361614807,
    "sentKBytesPerSec" : 0.06103060172748302
  },
  "[POST] /airport/save" : {
    "transaction" : "[POST] /airport/save",
    "sampleCount" : 50,
    "errorCount" : 0,
    "errorPct" : 0.0,
    "meanResTime" : 97.85999999999996,
    "medianResTime" : 75.5,
    "minResTime" : 53.0,
    "maxResTime" : 389.0,
    "pct1ResTime" : 158.1,
    "pct2ResTime" : 298.1499999999997,
    "pct3ResTime" : 389.0,
    "throughput" : 0.23630718042998453,
    "receivedKBytesPerSec" : 0.23423026185198664,
    "sentKBytesPerSec" : 0.21138415749400963
  },
  "[POST] /flight/save" : {
    "transaction" : "[POST] /flight/save",
    "sampleCount" : 50,
    "errorCount" : 0,
    "errorPct" : 0.0,
    "meanResTime" : 506.34000000000003,
    "medianResTime" : 460.0,
    "minResTime" : 266.0,
    "maxResTime" : 1068.0,
    "pct1ResTime" : 880.9,
    "pct2ResTime" : 1001.6999999999997,
    "pct3ResTime" : 1068.0,
    "throughput" : 0.23522991371766766,
    "receivedKBytesPerSec" : 0.1796384692648595,
    "sentKBytesPerSec" : 0.0983187529991814
  },
  "[GET] /transaction" : {
    "transaction" : "[GET] /transaction",
    "sampleCount" : 50,
    "errorCount" : 0,
    "errorPct" : 0.0,
    "meanResTime" : 304.7,
    "medianResTime" : 270.5,
    "minResTime" : 155.0,
    "maxResTime" : 665.0,
    "pct1ResTime" : 485.79999999999995,
    "pct2ResTime" : 535.2499999999999,
    "pct3ResTime" : 665.0,
    "throughput" : 0.23569563208854613,
    "receivedKBytesPerSec" : 6.705849162750191,
    "sentKBytesPerSec" : 0.16135023251374106
  },
  "Total" : {
    "transaction" : "Total",
    "sampleCount" : 950,
    "errorCount" : 0,
    "errorPct" : 0.0,
    "meanResTime" : 1031.1200000000017,
    "medianResTime" : 98.0,
    "minResTime" : 46.0,
    "maxResTime" : 24226.0,
    "pct1ResTime" : 1895.099999999998,
    "pct2ResTime" : 6181.949999999998,
    "pct3ResTime" : 21797.25000000001,
    "throughput" : 4.347746494343353,
    "receivedKBytesPerSec" : 14.767365886322448,
    "sentKBytesPerSec" : 2.403819337975506
  },
  "[POST] /transaction/save" : {
    "transaction" : "[POST] /transaction/save",
    "sampleCount" : 50,
    "errorCount" : 0,
    "errorPct" : 0.0,
    "meanResTime" : 358.85999999999996,
    "medianResTime" : 323.5,
    "minResTime" : 195.0,
    "maxResTime" : 1435.0,
    "pct1ResTime" : 476.2,
    "pct2ResTime" : 703.1999999999983,
    "pct3ResTime" : 1435.0,
    "throughput" : 0.235984859211433,
    "receivedKBytesPerSec" : 0.8834913620692098,
    "sentKBytesPerSec" : 0.3297796225894147
  },